{"lienar_regression": [0.34321702049967723, 0.017421293770233204], "neural_network": [0.26404827656252755, 2.9858224688390417e-06], "GradBoostRegressor": [0.26763972449390216, 0.6153660201806783], "SVR": [0.26732008420568637, 0.8983270988918186]}