{"GradBoostRegressor": [58.361102696152685, 5.399878824598602], "SVR": [57.472483085933554, 7.290719983843275], "lienar_regression": [56.280924972230636, 5.710390790669493], "neural_network": [38.637281631828735, 5.462991012824389], "neer_neighboor": [54.907603756437446, 7.081187518933646]}