{"lienar_regression": [0.34321702049967723, 0.017421293770233204], "neural_network": [0.26404827656252755, 2.9858224688390417e-06]}