{"GradBoostRegressor": [64.05887104917701, 6.879228516611121], "SVR": [57.472483085933554, 7.290719983843275], "lienar_regression": [56.280924972230636, 5.710390790669493], "neural_network": [45.78915480157528, 35.03483792790064], "neer_neighboor": [54.907603756437446, 7.081187518933646]}